{
    "x_center": 0.18083333333333335,
    "y_center": 0.08125,
    "width": 0.25166666666666665,
    "height": 0.10125,
    "class": 0
}