{"x_center": 0.4508333333333333, "y_center": 0.156875, "width": 0.5383333333333333, "height": 0.04125, "class": 0}
{"x_center": 0.4508333333333333, "y_center": 0.156875, "width": 0.5383333333333333, "height": 0.04125, "class": 0}
{"x_center": 0.4508333333333333, "y_center": 0.156875, "width": 0.5383333333333333, "height": 0.04125, "class": 0}
{"x_center": 0.4508333333333333, "y_center": 0.156875, "width": 0.5383333333333333, "height": 0.04125, "class": 0}
{"x_center": 0.4508333333333333, "y_center": 0.156875, "width": 0.5383333333333333, "height": 0.04125, "class": 0}
{"x_center": 0.4525, "y_center": 0.3284375, "width": 0.5466666666666666, "height": 0.283125, "class": 0}
{"x_center": 0.4525, "y_center": 0.3284375, "width": 0.5466666666666666, "height": 0.283125, "class": 0}
{"x_center": 0.4525, "y_center": 0.3284375, "width": 0.5466666666666666, "height": 0.283125, "class": 0}
{"x_center": 0.4525, "y_center": 0.3284375, "width": 0.5466666666666666, "height": 0.283125, "class": 0}
{"x_center": 0.4525, "y_center": 0.3284375, "width": 0.5466666666666666, "height": 0.283125, "class": 0}
{"x_center": 0.4508333333333333, "y_center": 0.156875, "width": 0.5383333333333333, "height": 0.04125, "class": 0}
{"x_center": 0.4508333333333333, "y_center": 0.156875, "width": 0.5383333333333333, "height": 0.04125, "class": 0}
{"x_center": 0.4508333333333333, "y_center": 0.156875, "width": 0.5383333333333333, "height": 0.04125, "class": 0}
{"x_center": 0.4508333333333333, "y_center": 0.156875, "width": 0.5383333333333333, "height": 0.04125, "class": 0}
{"x_center": 0.4508333333333333, "y_center": 0.156875, "width": 0.5383333333333333, "height": 0.04125, "class": 0}
{"x_center": 0.4525, "y_center": 0.3284375, "width": 0.5466666666666666, "height": 0.283125, "class": 0}
{"x_center": 0.4525, "y_center": 0.3284375, "width": 0.5466666666666666, "height": 0.283125, "class": 0}
{"x_center": 0.4525, "y_center": 0.3284375, "width": 0.5466666666666666, "height": 0.283125, "class": 0}
{"x_center": 0.4525, "y_center": 0.3284375, "width": 0.5466666666666666, "height": 0.283125, "class": 0}
{"x_center": 0.4525, "y_center": 0.3284375, "width": 0.5466666666666666, "height": 0.283125, "class": 0}
{"x_center": 0.4508333333333333, "y_center": 0.156875, "width": 0.5383333333333333, "height": 0.04125, "class": 0}
{"x_center": 0.4508333333333333, "y_center": 0.156875, "width": 0.5383333333333333, "height": 0.04125, "class": 0}
{"x_center": 0.4508333333333333, "y_center": 0.156875, "width": 0.5383333333333333, "height": 0.04125, "class": 0}
{"x_center": 0.4508333333333333, "y_center": 0.156875, "width": 0.5383333333333333, "height": 0.04125, "class": 0}
{"x_center": 0.4508333333333333, "y_center": 0.156875, "width": 0.5383333333333333, "height": 0.04125, "class": 0}
{"x_center": 0.4525, "y_center": 0.3284375, "width": 0.5466666666666666, "height": 0.283125, "class": 0}
{"x_center": 0.4525, "y_center": 0.3284375, "width": 0.5466666666666666, "height": 0.283125, "class": 0}
{"x_center": 0.4525, "y_center": 0.3284375, "width": 0.5466666666666666, "height": 0.283125, "class": 0}
{"x_center": 0.4525, "y_center": 0.3284375, "width": 0.5466666666666666, "height": 0.283125, "class": 0}
{"x_center": 0.4525, "y_center": 0.3284375, "width": 0.5466666666666666, "height": 0.283125, "class": 0}
{"x_center": 0.4508333333333333, "y_center": 0.156875, "width": 0.5383333333333333, "height": 0.04125, "class": 0}
{"x_center": 0.4508333333333333, "y_center": 0.165625, "width": 0.5383333333333333, "height": 0.02375, "class": 0}
{"x_center": 0.4508333333333333, "y_center": 0.165625, "width": 0.5383333333333333, "height": 0.02375, "class": 0}
{"x_center": 0.4508333333333333, "y_center": 0.165625, "width": 0.5383333333333333, "height": 0.02375, "class": 0}
{"x_center": 0.4508333333333333, "y_center": 0.183125, "width": 0.5383333333333333, "height": -0.01125, "class": 0}
{"x_center": 0.4525, "y_center": 0.4634375, "width": 0.5466666666666666, "height": 0.013125, "class": 0}
{"x_center": 0.4525, "y_center": 0.5834375, "width": 0.5466666666666666, "height": -0.226875, "class": 0}
{"x_center": 0.4525, "y_center": 0.6134375, "width": 0.5466666666666666, "height": -0.286875, "class": 0}
{"x_center": 0.4525, "y_center": 0.6884375, "width": 0.5466666666666666, "height": -0.436875, "class": 0}
{"x_center": 0.4525, "y_center": 0.8084375, "width": 0.5466666666666666, "height": -0.676875, "class": 0}
{"x_center": 0.4508333333333333, "y_center": 0.226875, "width": 0.5383333333333333, "height": 0.00625, "class": 0}
{"x_center": 0.4508333333333333, "y_center": 0.209375, "width": 0.5383333333333333, "height": 0.04125, "class": 0}
{"x_center": 0.4508333333333333, "y_center": 0.209375, "width": 0.5383333333333333, "height": 0.04125, "class": 0}
{"x_center": 0.4508333333333333, "y_center": 0.218125, "width": 0.5383333333333333, "height": 0.02375, "class": 0}
{"x_center": 0.4508333333333333, "y_center": 0.226875, "width": 0.5383333333333333, "height": 0.00625, "class": 0}
{"x_center": 0.4525, "y_center": 1.3109375, "width": 0.5466666666666666, "height": 0.238125, "class": 0}
{"x_center": 0.4525, "y_center": 1.4009375, "width": 0.5466666666666666, "height": 0.058125, "class": 0}
{"x_center": 0.4525, "y_center": 1.3559375, "width": 0.5466666666666666, "height": 0.148125, "class": 0}
{"x_center": 0.4525, "y_center": 1.3784375, "width": 0.5466666666666666, "height": 0.103125, "class": 0}
{"x_center": 0.4525, "y_center": 1.3784375, "width": 0.5466666666666666, "height": 0.103125, "class": 0}
{"x_center": 0.4508333333333333, "y_center": 0.218125, "width": 0.5383333333333333, "height": 0.02375, "class": 0}
{"x_center": 0.4508333333333333, "y_center": 0.235625, "width": 0.5383333333333333, "height": -0.01125, "class": 0}
{"x_center": 0.4508333333333333, "y_center": 0.235625, "width": 0.5383333333333333, "height": -0.01125, "class": 0}
{"x_center": 0.4508333333333333, "y_center": 0.226875, "width": 0.5383333333333333, "height": 0.00625, "class": 0}
{"x_center": 0.4508333333333333, "y_center": 0.218125, "width": 0.5383333333333333, "height": 0.02375, "class": 0}
{"x_center": 0.4525, "y_center": 1.2884375, "width": 0.5466666666666666, "height": 0.283125, "class": 0}
{"x_center": 0.4525, "y_center": 1.3109375, "width": 0.5466666666666666, "height": 0.238125, "class": 0}
{"x_center": 0.4525, "y_center": 1.2884375, "width": 0.5466666666666666, "height": 0.283125, "class": 0}
{"x_center": 0.4525, "y_center": 1.2959375, "width": 0.5466666666666666, "height": 0.268125, "class": 0}
{"x_center": 0.4525, "y_center": 1.2884375, "width": 0.5466666666666666, "height": 0.283125, "class": 0}
{"x_center": 0.4508333333333333, "y_center": 0.235625, "width": 0.5383333333333333, "height": -0.01125, "class": 0}
{"x_center": 0.4508333333333333, "y_center": 0.218125, "width": 0.5383333333333333, "height": 0.02375, "class": 0}
{"x_center": 0.4508333333333333, "y_center": 0.218125, "width": 0.5383333333333333, "height": 0.02375, "class": 0}
{"x_center": 0.4508333333333333, "y_center": 0.218125, "width": 0.5383333333333333, "height": 0.02375, "class": 0}
{"x_center": 0.4508333333333333, "y_center": 0.226875, "width": 0.5383333333333333, "height": 0.00625, "class": 0}
{"x_center": 0.4525, "y_center": 1.3109375, "width": 0.5466666666666666, "height": 0.238125, "class": 0}
{"x_center": 0.4525, "y_center": 1.2884375, "width": 0.5466666666666666, "height": 0.283125, "class": 0}
{"x_center": 0.4525, "y_center": 1.3034375, "width": 0.5466666666666666, "height": 0.253125, "class": 0}
{"x_center": 0.4525, "y_center": 1.2884375, "width": 0.5466666666666666, "height": 0.283125, "class": 0}
{"x_center": 0.4525, "y_center": 1.2884375, "width": 0.5466666666666666, "height": 0.283125, "class": 0}
{"x_center": 0.4508333333333333, "y_center": 0.226875, "width": 0.5383333333333333, "height": 0.00625, "class": 0}
{"x_center": 0.4508333333333333, "y_center": 0.235625, "width": 0.5383333333333333, "height": -0.01125, "class": 0}
{"x_center": 0.4508333333333333, "y_center": 0.235625,